delete from include_song;
delete from requires_privilege;
delete from have_privilege;
delete from user_stats;
delete from song_stats;
delete from play_list;
delete from user_t;
delete from privilege;
delete from version;
delete from song;
delete from contract_t;
delete from publisher;

insert into publisher values (0, 'Sony Entertainment');
insert into publisher values (1, 'YG Entertainment');
insert into contract_t values (0, 0, 'Beatles Contract', '2003-12-02 16:40:57', '2021-12-02 11:59:59');
insert into contract_t values (1, 0, 'Bob Dylan Contract', '2001-1-1 00:00:00', '2031-1-1 11:59:59');
insert into contract_t values (2, 1, 'Blackpink Contract', '2001-2-1 00:00:00', '2041-1-1 11:59:59');
insert into song values (0, 0, 'Hey Jude', 'EN-US', null, 'The Beatles');
insert into song values (1, 0, 'Yesterday', 'EN-US', null, 'The Beatles');
insert into song values (2, 0, 'Come Together', 'EN-US', null, 'The Beatles');
insert into song values (3, 0, 'Let It Be', 'EN-US', null, 'The Beatles');
insert into song values (4, 0, 'Help!', 'EN-US', null, 'The Beatles');
insert into song values (5, 0, 'Michelle', 'EN-US', null, 'The Beatles');
insert into song values (6, 0, 'Act Actually', 'EN-US', null, 'The Beatles');
insert into song values (7, 0, 'Girl', 'EN-US', null, 'The Beatles');
insert into song values (8, 0, 'For No One', 'EN-US', null, 'The Beatles');
insert into song values (9, 0, 'Eleaner Rigby', 'EN-US', null, 'The Beatles');
insert into song values (10, 0, 'Another Girl', 'EN-US', null, 'The Beatles');
insert into song values (11, 2, 'Solo', 'KO-KR', null, 'Blackpink');
insert into song values (12, 2, 'Kill This Love', 'KO-KR', null, 'Blackpink');
insert into song values (13, 2, 'How You Like That', 'KO-KR', null, 'Blackpink');
insert into song values (14, 2, 'DDU-DU DDU-DU', 'KO-KR', null, 'Blackpink');
insert into song values (15, 2, 'BOOMBAYAH', 'KO-KR', null, 'Blackpink');
insert into song_stats values (0, '2003-12-02 16:40:59', '2003-12-08 11:59:59', 1998, 5);
insert into song_stats values (0, '2003-12-09 00:00:00', '2003-12-15 11:59:59', 2131, 4.32);
insert into song_stats values (1, '2003-12-02 16:40:59', '2003-12-08 11:59:59', 1222, 4.01);
insert into song_stats values (1, '2003-12-09 00:00:00', '2003-12-15 11:59:59', 987, 4.02);
insert into song_stats values (2, '2003-12-02 16:40:59', '2003-12-08 11:59:59', 123, 4.23);
insert into song_stats values (2, '2003-12-09 00:00:00', '2003-12-15 11:59:59', 321, 4.09);
insert into song_stats values (3, '2003-12-02 16:40:59', '2003-12-08 11:59:59', 421, 4.00);
insert into song_stats values (3, '2003-12-09 00:00:00', '2003-12-15 11:59:59', 123, 4.09);
insert into song_stats values (4, '2003-12-02 16:40:59', '2003-12-08 11:59:59', 312, 4.09);
insert into song_stats values (4, '2003-12-09 00:00:00', '2003-12-15 11:59:59', 312, 4.01);
insert into song_stats values (5, '2003-12-02 16:40:59', '2003-12-08 11:59:59', 1234, 4.23);
insert into song_stats values (5, '2003-12-09 00:00:00', '2003-12-15 11:59:59', 987, 4.09);
insert into song_stats values (6, '2003-12-02 16:40:59', '2003-12-08 11:59:59', 3332, 4.23);
insert into song_stats values (6, '2003-12-09 00:00:00', '2003-12-15 11:59:59', 213, 4.09);
insert into song_stats values (7, '2003-12-02 16:40:59', '2003-12-08 11:59:59', 90, 4.23);
insert into song_stats values (7, '2003-12-09 00:00:00', '2003-12-15 11:59:59', 312, 4.09);
insert into song_stats values (8, '2003-12-02 16:40:59', '2003-12-08 11:59:59', 578, 4.23);
insert into song_stats values (8, '2003-12-09 00:00:00', '2003-12-15 11:59:59', 862, 4.09);
insert into song_stats values (9, '2003-12-02 16:40:59', '2003-12-08 11:59:59', 312, 4.23);
insert into song_stats values (9, '2003-12-09 00:00:00', '2003-12-15 11:59:59', 23, 4.09);
insert into song_stats values (10, '2003-12-02 16:40:59', '2003-12-08 11:59:59', 192, 4.23);
insert into song_stats values (10, '2003-12-09 00:00:00', '2003-12-15 11:59:59', 9, 4.09);
insert into song_stats values (11, '2003-12-02 16:40:59', '2003-12-08 11:59:59', 321, 4.98);
insert into song_stats values (11, '2003-12-09 00:00:00', '2003-12-15 11:59:59', 345, 4.67);
insert into song_stats values (12, '2003-12-02 16:40:59', '2003-12-08 11:59:59', 1101, 4.09);
insert into song_stats values (13, '2003-12-09 00:00:00', '2003-12-15 11:59:59', 1123, 3.89);
insert into song_stats values (14, '2003-12-02 16:40:59', '2003-12-08 11:59:59', 442, 4.42);
insert into song_stats values (14, '2003-12-09 00:00:00', '2003-12-15 11:59:59', 221, 3.90);
insert into song_stats values (15, '2003-12-02 16:40:59', '2003-12-08 11:59:59', 190, 4.21);
insert into song_stats values (15, '2003-12-09 00:00:00', '2003-12-15 11:59:59', 201, 3.99);
insert into version values (0, 0, 'Normal', 'N/A');
insert into version values (0, 1, 'HD', 'N/A');
insert into version values (1, 0, 'Normal', 'N/A');
insert into version values (1, 1, 'HD', 'N/A');
insert into version values (2, 0, 'Normal', 'N/A');
insert into version values (2, 1, 'HD', 'N/A');
insert into version values (3, 0, 'Normal', 'N/A');
insert into version values (3, 1, 'HD', 'N/A');
insert into version values (4, 0, 'Normal', 'N/A');
insert into version values (4, 1, 'HD', 'N/A');
insert into version values (5, 0, 'Normal', 'N/A');
insert into version values (5, 1, 'HD', 'N/A');
insert into version values (6, 0, 'Normal', 'N/A');
insert into version values (6, 1, 'HD', 'N/A');
insert into version values (7, 0, 'Normal', 'N/A');
insert into version values (7, 1, 'HD', 'N/A');
insert into version values (8, 0, 'Normal', 'N/A');
insert into version values (8, 1, 'HD', 'N/A');
insert into version values (9, 0, 'Normal', 'N/A');
insert into version values (9, 1, 'HD', 'N/A');
insert into version values (10, 0, 'Normal', 'N/A');
insert into version values (10, 1, 'HD', 'N/A');
insert into version values (11, 0, 'Normal', 'N/A');
insert into version values (11, 1, 'HD', 'N/A');
insert into version values (12, 0, 'Normal', 'N/A');
insert into version values (12, 1, 'HD', 'N/A');
insert into version values (13, 0, 'Normal', 'N/A');
insert into version values (13, 1, 'HD', 'N/A');
insert into version values (14, 0, 'Normal', 'N/A');
insert into version values (14, 1, 'HD', 'N/A');
insert into version values (15, 0, 'Normal', 'N/A');
insert into version values (15, 1, 'HD', 'N/A');
insert into user_t values ('kkk@123.com', 'Ben', 'qinewknsdk');
insert into user_t values ('vvv@245.com', 'Jean', 'asfwdsc31231');
insert into user_stats values ('kkk@123.com', '2003-12-02 16:40:59', '2003-12-08 11:59:59', 10.23, 3);
insert into user_stats values ('kkk@123.com', '2003-12-09 00:00:00', '2003-12-15 11:59:59', 8.22, 3);
insert into user_stats values ('kkk@123.com', '2003-12-16 00:00:00', '2003-12-22 11:59:59', 5.42, 1);
insert into user_stats values ('vvv@245.com', '2003-12-02 16:40:59', '2003-12-08 11:59:59', 9.02, 8);
insert into user_stats values ('vvv@245.com', '2003-12-09 00:00:00', '2003-12-15 11:59:59', 4.13, 0);
insert into user_stats values ('vvv@245.com', '2003-12-16 00:00:00', '2003-12-22 11:59:59', 12.45, 3);
insert into privilege values ('User', 'Loggin User');
insert into privilege values ('VIP', 'VIP');
insert into have_privilege values ('kkk@123.com', 'User');
insert into have_privilege values ('kkk@123.com', 'VIP');
insert into have_privilege values ('vvv@245.com', 'User');
insert into requires_privilege values (0, 0, 'User');
insert into requires_privilege values (1, 0, 'User');
insert into requires_privilege values (2, 0, 'User');
insert into requires_privilege values (3, 0, 'User');
insert into requires_privilege values (4, 0, 'User');
insert into requires_privilege values (5, 0, 'User');
insert into requires_privilege values (6, 0, 'User');
insert into requires_privilege values (7, 0, 'User');
insert into requires_privilege values (8, 0, 'User');
insert into requires_privilege values (9, 0, 'User');
insert into requires_privilege values (10, 0, 'User');
insert into requires_privilege values (0, 1, 'VIP');
insert into requires_privilege values (1, 1, 'VIP');
insert into requires_privilege values (2, 1, 'VIP');
insert into requires_privilege values (3, 1, 'VIP');
insert into requires_privilege values (4, 1, 'VIP');
insert into requires_privilege values (5, 1, 'VIP');
insert into requires_privilege values (6, 1, 'VIP');
insert into requires_privilege values (7, 1, 'VIP');
insert into requires_privilege values (8, 1, 'VIP');
insert into requires_privilege values (9, 1, 'VIP');
insert into requires_privilege values (10, 1, 'VIP');
insert into play_list (created_by, title, description, creation_time, label) values ('kkk@123.com', 'Classic Beatles', 'Beatls Classic Collection', '2003-12-09 00:00:00', 'Classic');
insert into include_song values (1, 0);
insert into include_song values (1, 1);
insert into include_song values (1, 2);
insert into include_song values (1, 3);
insert into include_song values (1, 4);
insert into include_song values (1, 5);
insert into include_song values (1, 6);
insert into include_song values (1, 7);
insert into include_song values (1, 8);
insert into include_song values (1, 9);
insert into include_song values (1, 10);
insert into play_list (created_by, title, description, creation_time, label) values ('kkk@123.com', 'Rubber Soul Collection', null, '2003-12-09 16:00:00', 'Pop');
insert into include_song values (2, 5);
insert into include_song values (2, 7);
insert into play_list (created_by, title, description, creation_time, label) values ('vvv@245.com', 'BP Collection', null, '2021-4-10 00:12:23', 'Pop');
insert into include_song values (3, 11);
insert into include_song values (3, 12);
insert into include_song values (3, 13);
insert into include_song values (3, 14);
insert into include_song values (3, 15);








